date,dfr,d_dfr,short_yield,yield_1y,long_yield,nim_es,cet1_es,gdp_es,defl_es,credit_es,shadow_rate,d_ssr
2015-01-01,-0.2,0.0,0.04601616161616163,-0.19107351799245262,1.427004473304473,,,2630.6562877755264,460.68514585498957,1410.762578942979,-2.2081400867082257,0.07001861281813193
2015-04-01,-0.2,0.0,-0.006525837320574167,-0.2563808952749823,1.7724453748006403,2.31,12.22,2631.5516943486305,460.50723707530364,1410.1837712929778,-1.352284613508166,0.8558554732000596
2015-07-01,-0.2,0.0,-0.027817083882301297,-0.28147212435611446,2.027076761402846,2.38,12.04,2632.4469109688503,460.5006761284846,1408.8118839527845,-1.598649752759144,-0.2463651392509778
2015-10-01,-0.3,-0.09999999999999998,-0.08917604617604624,-0.34059778032286403,1.7138225108225134,2.36,12.5,2633.29354147689,460.3789531404707,1408.3442881721778,-2.2479099933617666,-0.6492602406026227
2016-01-01,-0.4,-0.10000000000000003,-0.18608174603174632,-0.4628205584051385,1.6674119047619034,2.26,12.14,2634.0338707256856,460.44134087284573,1406.8958523449992,-2.783839587231435,-0.5359295938696684
2016-04-01,-0.4,0.0,-0.258093795093795,-0.542110204946351,1.5199927849927866,2.24,12.35,2634.7182254992026,460.71171995165787,1406.316745376877,-2.943120128156322,-0.15928054092488697
2016-07-01,-0.4,0.0,-0.298125854821507,-0.6504693915061651,1.0747695589434734,2.3,12.73,2635.9158403056917,461.0563558853032,1405.5251343348486,-3.5656672338455824,-0.6225471056892604
2016-10-01,-0.4,0.0,-0.312481240981241,-0.762100666744095,1.3110346320346336,2.3,12.59,2636.53714697301,461.1353785570767,1405.138709959466,-2.7423984852444545,0.8232687486011279
2017-01-01,-0.4,0.0,-0.32783109354413736,-0.7953792936740324,1.6289466403162034,2.39,11.93,2637.901985725858,461.71810133643856,1404.2951528796348,-2.1374467955657326,0.6049516896787219
2017-04-01,-0.4,0.0,-0.3299478114478113,-0.7409000453152006,1.54616835016835,2.37,11.56,2639.2021989678933,461.9991660745869,1404.3792352534606,-1.928258768961262,0.20918802660447056
2017-07-01,-0.4,0.0,-0.3296321601104207,-0.724456099260458,1.5413196248196233,2.38,12.35,2639.7763671775115,461.945691952132,1403.239751085525,-1.8647138551496711,0.06354491381159089
2017-10-01,-0.4,0.0,-0.32881339712918667,-0.7822414624914381,1.5150287081339735,2.41,12.42,2641.2083562877237,462.83980172739473,1403.2683520735006,-1.9114786700829611,-0.04676481493328999
2018-01-01,-0.4,0.0,-0.32828643578643596,-0.6718393120769638,1.4470942279942298,2.39,11.67,2641.489812951672,462.6951662977168,1402.190176912277,-1.2131185182123418,0.6983601518706193
2018-04-01,-0.4,0.0,-0.32524163059163064,-0.6776723703319517,1.3256743145743133,2.38,11.54,2642.5700737365505,463.19125643524524,1402.174040901126,-1.262273140392044,-0.04915462217970212
2018-07-01,-0.4,0.0,-0.3195257575757577,-0.6653850299202058,1.37724558629776,2.37,11.75,2643.3917994538233,463.49391612449926,1401.7899412908341,-1.4195203530212608,-0.15724721262921681
2018-10-01,-0.4,0.0,-0.31531800845988467,-0.7039966995708068,1.52739494487206,2.38,11.93,2644.625599071038,464.07062039349034,1401.4651811699202,-1.2585859379783686,0.1609344150428922
2019-01-01,-0.4,0.0,-0.3085468253968253,-0.5956010811279476,1.26219329004329,2.32,11.77,2645.7008327845438,464.5388386520305,1400.3485824600732,-1.6809078454968416,-0.422321907518473
2019-04-01,-0.4,0.0,-0.31707121212121203,-0.62165374021382,0.8137939393939394,2.35,11.89,2646.008971567961,464.5013751119772,1400.8298264149298,-2.229125920389082,-0.5482180748922405
2019-07-01,-0.5,-0.09999999999999998,-0.39670760399021265,-0.7715982914566095,0.22676137147876266,2.35,11.92,2646.4318405585987,464.62967827337155,1400.6140283920245,-3.8010388308985963,-1.5719129105095142
2019-10-01,-0.5,0.0,-0.4029517598343683,-0.6702383127938005,0.341324706694272,2.35,12.21,2647.558129984801,465.53903373587826,1400.4620135042219,-3.2857957831215665,0.5152430477770298
2020-01-01,-0.5,0.0,-0.4055409090909093,-0.6779279697819203,0.4007939393939393,2.27,11.85,2642.1439277004747,465.65927632346995,1400.073927376239,-2.5152862437136467,0.7705095394079198
2020-04-01,-0.5,0.0,-0.3006666666666667,-0.6174826982521057,0.6955334776334777,2.06,12.25,2622.49647666867,465.4191592107452,1402.858033880696,-2.3966787841918253,0.11860745952182139
2020-07-01,-0.5,0.0,-0.4717361189535103,-0.6372423091255274,0.3194301712779973,2.08,12.54,2637.907231590806,465.7780005806616,1402.5458090206635,-2.477503656614483,-0.08082487242265746
2020-10-01,-0.5,0.0,-0.5226948051948054,-0.7270324244760122,0.1021529581529581,2.12,12.91,2639.1880441242374,466.818034554434,1402.5823075849676,-2.7423680641898613,-0.26486440757537855
2021-01-01,-0.5,0.0,-0.542445652173913,-0.6817923451480228,0.20446956521739135,1.9,12.81,2640.4697039268067,467.70224440952114,1401.7878176474132,-2.358996961006913,0.3833711031829483
2021-04-01,-0.5,0.0,-0.5403847763347763,-0.6869436935186485,0.4431071428571431,1.92,13.06,2642.003712390011,467.1643159983011,1401.8918503736297,-2.0281967744898766,0.33080018651703647
2021-07-01,-0.5,0.0,-0.5458181818181816,-0.7270800543433031,0.29375757575757566,1.93,13.06,2645.45272825909,468.3211965429906,1401.4757786232092,-2.0980098079982397,-0.0698130335083631
2021-10-01,-0.5,0.0,-0.5663765606374299,-0.7711943532035069,0.45366666666666666,1.94,12.88,2649.986187494202,470.88544854295355,1402.1678027536045,-1.104579991634524,0.9934298163637156
2022-01-01,-0.5,0.0,-0.529025879933851,-0.6440142765325547,1.0006738785369234,2.02,12.75,2650.891090074838,471.530444399446,1398.9542293384682,-0.45508182434162436,0.6494981672928997
2022-04-01,-0.5,0.0,-0.35761642743221705,-0.09147505928284842,2.1297791068580563,2.01,12.51,2653.2332824372293,471.4167324571373,1399.9824850163739,0.13309197029585612,0.5881737946374805
2022-07-01,0.375,0.875,0.4807406048058236,0.5990098632581939,2.4870510383336466,2.06,12.48,2654.4502404274294,472.10445979815063,1400.2603214937085,0.9641465815365446,0.8310546112406885
2022-10-01,1.75,1.375,1.7721233766233766,2.0034943889010672,3.17673015873016,2.25,12.6,2658.1450388398434,475.30923691211456,1400.061185879855,2.406973720705214,1.4428271391686693
2023-01-01,2.75,1.0,2.631926284584983,2.7882159535012936,3.3516077733860334,2.53,12.71,2661.071063583273,477.6649420756402,1398.3590347181855,3.1516502412917298,0.7446765205865158
2023-04-01,3.375,0.625,3.356432806324113,3.0694670557019275,3.4087070707070697,2.54,12.7,2661.5644585563805,477.72263944158186,1398.025775303334,3.5083048601693836,0.3566546188776538
2023-07-01,3.875,0.5,3.7773871635610767,3.44153993286,3.6018343685300196,2.63,12.63,2662.2129780031833,478.0693227636726,1396.929402752095,3.852122220311377,0.3438173601419936
2023-10-01,3.875,0.0,3.957455988455987,3.3362831094301586,3.5838787878787866,2.63,12.67,2662.2129780031833,478.0693227636726,1396.4293141021383,3.649820347827656,-0.2023018724837211
2024-01-01,3.875,0.0,3.9236147186147203,3.2256574667666666,3.21602611832612,2.9,12.66,2662.2129780031833,478.0693227636726,1395.4832693493652,3.5082068348345445,-0.14161351299311153
2024-04-01,3.75,-0.125,3.808171936758893,3.258066867679365,3.3121622843340237,2.88,12.77,2662.2129780031833,478.0693227636726,1396.197721976746,3.5675258272331214,0.05931899239857685
2024-07-01,3.5,-0.25,3.5553770939205704,2.834862513457576,3.1157011418533163,2.81,12.82,2662.2129780031833,478.0693227636726,1396.1838721534384,3.134941681647609,-0.4325841455855124
2024-10-01,3.125,-0.375,2.9964871698349937,2.326711740726984,2.9712925810904065,2.8,12.88,2662.2129780031833,478.0693227636726,1396.7580789444594,2.5353919645504015,-0.5995497170972075
2025-01-01,2.625,-0.5,2.5568363354,2.1887812707793652,3.220740764790767,2.71,13.04,2662.2129780031833,478.0693227636726,1396.8853769019208,2.312963616589141,-0.22242834796126054
2025-04-01,2.125,-0.5,2.1076911977,1.8223808436435485,3.201812554112553,2.66,13.18,2662.2129780031833,478.0693227636726,1398.399459411829,1.8280410635548237,-0.4849225530343173
2025-07-01,,,2.0115719305,1.8734979863651515,3.2553110922893533,2.62,13.28,2662.2129780031833,478.0693227636726,1398.882836908525,1.783202939440973,-0.044838124113850686
2025-10-01,,,2.040622463766667,1.9477280748953125,3.200698688750863,2.6,13.29,2662.2129780031833,478.0693227636726,1400.093618104476,1.83674956361126,0.053546624170287105
2026-01-01,,,2.0277272727,,3.2792036075036095,,,2662.2129780031833,478.0693227636726,,1.9155848818949748,0.0788353182837147
2026-04-01,,,,,3.4657,,,2662.2129780031833,478.0693227636726,,2.2719401964192434,0.3563553145242686
