date,policy_rate,inflation,credit_growth,gdp_growth,nim_ea,nim_de,nim_es,nim_it,nim_fr,nim_nl,cet1_ea,cet1_de,cet1_es,cet1_it,cet1_fr,cet1_nl,yield_de,yield_es,yield_it,yield_fr,yield_nl,shadow_rate
2015-04-01,-0.2,0.4333333333333333,-0.6216658068695832,0.4179391453908776,1.55,1.12,2.31,1.57,1.34,1.5,12.72,13.37,12.22,11.54,12.58,13.51,0.4901722488,1.7724453748006403,1.7893333333333334,0.8388333333333332,0.7073333333333333,-1.352284613508166
2015-07-01,-0.2,0.3666666666666667,-0.02302422469898643,0.439258569747647,1.55,1.09,2.38,1.59,1.34,1.5,12.77,13.21,12.04,11.6,12.6,13.87,0.6575541125666667,2.027076761402846,1.9336666666666666,1.0400666666666667,0.9016666666666667,-1.598649752759144
2015-10-01,-0.2333333333333333,0.26666666666666666,0.5293887163452545,0.4958823345642349,1.54,1.09,2.36,1.61,1.34,1.49,13.52,14.87,12.5,11.54,13.06,14.27,0.5266240981333333,1.7138225108225134,1.615,0.8931999999999999,0.7316666666666666,-2.2479099933617666
2016-01-01,-0.3333333333333333,0.06666666666666667,1.3200363652300446,0.4824093740523061,1.46,1.06,2.26,1.52,1.23,1.46,13.31,14.29,12.14,11.4,13.15,14.21,0.25826190476666666,1.6674119047619034,1.489,0.6488666666666667,0.44566666666666666,-2.783839587231435
2016-04-01,-0.4000000000000001,-0.13333333333333333,1.7394293529710965,0.1828550726792333,1.45,1.02,2.24,1.5,1.24,1.44,13.51,14.27,12.35,11.74,13.24,14.53,0.08344155846666668,1.5199927849927866,1.4736666666666667,0.47046666666666664,0.34299999999999997,-2.943120128156322
2016-07-01,-0.4000000000000001,0.26666666666666666,2.0591734707788114,0.4851621891647451,1.47,1.03,2.3,1.51,1.26,1.44,13.69,14.42,12.73,11.92,13.27,14.8,-0.12337191793333331,1.0747695589434734,1.223,0.16923333333333335,0.049999999999999996,-3.5656672338455824
2016-10-01,-0.4000000000000001,0.7333333333333334,2.2300196930701435,0.7708393241821376,1.49,1.06,2.3,1.48,1.26,1.49,13.78,15.08,12.59,10.4,13.81,15.31,0.14766522366666668,1.3110346320346336,1.7596666666666667,0.5816666666666667,0.3256666666666667,-2.7423984852444545
2017-01-01,-0.4000000000000001,1.7333333333333334,2.2897972242824194,0.8132904559414955,1.47,1.0,2.39,1.41,1.24,1.45,13.74,14.77,11.93,11.44,13.82,15.56,0.2857233201666667,1.6289466403162034,2.2479999999999998,0.9705,0.484,-2.1374467955657326
2017-04-01,-0.4000000000000001,1.5333333333333332,2.3826515982956633,0.6546674810400388,1.47,0.98,2.37,1.39,1.24,1.51,13.88,14.98,11.56,11.83,13.95,15.88,0.2707984608333333,1.54616835016835,2.1679999999999997,0.7816666666666666,0.5299999999999999,-1.928258768961262
2017-07-01,-0.4000000000000001,1.4666666666666668,2.4484426237524484,0.7358397368893099,1.46,0.95,2.38,1.39,1.22,1.49,14.32,15.88,12.35,13.17,13.83,15.93,0.3829813664333333,1.5413196248196233,2.15,0.7493,0.5873333333333334,-1.8647138551496711
2017-10-01,-0.4000000000000001,1.4000000000000001,3.0787090551866716,0.8142886695016394,1.49,0.98,2.41,1.39,1.25,1.56,14.64,16.25,12.42,13.28,14.27,16.29,0.3258413078333333,1.5150287081339735,1.886,0.7357999999999999,0.48700000000000004,-1.9114786700829611
2018-01-01,-0.4000000000000001,1.2666666666666666,3.35816209538727,0.044940046901587,1.43,0.84,2.39,1.48,1.2,1.48,14.16,15.35,11.67,13.19,13.98,15.86,0.5543564213333334,1.4470942279942298,2.0100000000000002,0.8900666666666668,0.666,-1.2131185182123418
2018-04-01,-0.4000000000000001,1.7333333333333334,3.7678892396771544,0.5073608444867928,1.43,0.88,2.38,1.48,1.17,1.5,14.1,15.4,11.54,12.75,13.91,16.1,0.4190476190333334,1.3256743145743133,2.2323333333333335,0.7714666666666666,0.642,-1.262273140392044
2018-07-01,-0.4000000000000001,2.1333333333333333,4.281483925555289,0.0849593055280983,1.43,0.91,2.37,1.48,1.16,1.47,14.19,15.5,11.75,12.73,13.99,16.04,0.31197167323333336,1.37724558629776,2.921,0.7127666666666667,0.49933333333333335,-1.4195203530212608
2018-10-01,-0.4000000000000001,1.8999999999999997,4.061132010986723,0.5345177240407617,1.46,1.04,2.38,1.5,1.17,1.53,14.4,15.38,11.93,12.71,14.35,16.42,0.3000802139,1.52739494487206,3.278,0.7609333333333334,0.5003333333333333,-1.2585859379783686
2019-01-01,-0.4000000000000001,1.4333333333333333,3.745229411438126,0.7444003819770062,1.38,0.92,2.32,1.44,1.1,1.46,14.35,15.36,11.77,13.06,14.33,16.35,0.06639321790000001,1.26219329004329,2.7573333333333334,0.5446333333333333,0.23933333333333331,-1.6809078454968416
2019-04-01,-0.4000000000000001,1.4000000000000001,3.951254236222749,0.3447335156439468,1.4,0.99,2.35,1.44,1.1,1.49,14.33,14.33,11.89,13.31,14.54,16.3,-0.1631028708,0.8137939393939394,2.515333333333333,0.25146666666666667,0.07100000000000001,-2.229125920389082
2019-07-01,-0.43333333333333335,0.9333333333333332,3.9214391518971987,0.19058950586468,1.39,0.98,2.35,1.4,1.08,1.46,14.37,14.26,11.92,13.62,14.51,16.44,-0.5440378945000001,0.22676137147876266,1.32,-0.22853333333333334,-0.3773333333333333,-3.8010388308985963
2019-10-01,-0.5,1.0,3.471629919315074,-0.1068928644832434,1.44,1.05,2.35,1.41,1.13,1.53,14.94,15.04,12.21,13.97,15.3,16.46,-0.3737902837666667,0.341324706694272,1.2133333333333334,-0.046433333333333326,-0.21366666666666667,-3.2857957831215665
2020-01-01,-0.5,1.0999999999999999,3.896160168671596,-3.2148320499879146,1.35,1.0,2.27,1.34,1.06,1.41,14.42,14.37,11.85,14.03,14.65,16.02,-0.4403333333333333,0.4007939393939393,1.2603333333333333,-0.08020000000000001,-0.277,-2.5152862437136467
2020-04-01,-0.5,0.2333333333333333,7.065135717495029,-11.088510549329678,1.28,0.97,2.06,1.28,1.01,1.36,14.89,14.83,12.25,14.78,15.06,16.62,-0.4667619047666667,0.6955334776334777,1.672,-0.005366666666666666,-0.2743333333333333,-2.3966787841918253
2020-07-01,-0.5,-0.033333333333333326,7.133439055896207,11.45268923006839,1.27,0.93,2.08,1.2,1.0,1.33,15.2,15.46,12.54,15.13,15.35,17.16,-0.5234892402333333,0.3194301712779973,1.0696666666666668,-0.17453333333333335,-0.4146666666666667,-2.477503656614483
2020-10-01,-0.5,-0.3,6.977793438930806,0.3814187372152,1.28,0.94,2.12,1.2,1.02,1.39,15.65,15.9,12.91,15.5,15.92,17.03,-0.6135115440333334,0.1021529581529581,0.6706666666666666,-0.3182,-0.5413333333333333,-2.7423680641898613
2021-01-01,-0.5,1.0333333333333334,6.419896695074502,0.8323384195987993,1.19,0.87,1.9,1.14,0.98,1.33,15.49,15.44,12.81,15.51,15.8,16.88,-0.46459420290000003,0.20446956521739135,0.6366666666666666,-0.17533333333333334,-0.4183333333333334,-2.358996961006913
2021-04-01,-0.5,1.8333333333333333,2.351381898123931,2.152788501217451,1.19,0.84,1.92,1.13,0.99,1.3,15.6,15.74,13.06,15.4,15.88,17.23,-0.27904545453333335,0.4431071428571431,0.8853333333333334,0.11893333333333334,-0.23933333333333331,-2.0281967744898766
2021-07-01,-0.5,2.8666666666666667,1.808520916614705,1.751971928120999,1.18,0.82,1.93,1.13,0.97,1.26,15.47,15.6,13.06,15.3,15.77,17.03,-0.4509090909,0.29375757575757566,0.7176666666666667,-0.02836666666666667,-0.39999999999999997,-2.0980098079982397
2021-10-01,-0.5,4.666666666666667,3.274773454898875,0.7966456728780935,1.21,0.88,1.94,1.16,0.98,1.32,15.6,15.5,12.88,15.31,16.06,16.97,-0.3007359307333333,0.45366666666666666,1.004,0.11653333333333334,-0.25466666666666665,-1.104579991634524
2022-01-01,-0.5,6.133333333333333,4.440055226057682,0.76959213528347,1.2,0.84,2.02,1.16,0.96,1.27,14.99,15.32,12.75,14.6,15.36,15.61,0.1056590752,1.0006738785369234,1.6646666666666665,0.5919333333333333,0.16066666666666665,-0.45508182434162436
2022-04-01,-0.5,8.033333333333333,6.109651852174011,0.9171646999938998,1.23,0.86,2.01,1.22,0.98,1.28,14.96,15.14,12.51,14.9,15.28,15.55,1.0480143540666667,2.1297791068580563,3.0203333333333333,1.6197,1.2423333333333335,0.13309197029585612
2022-07-01,0.25,9.299999999999999,8.432038971975006,0.4427628997367261,1.23,0.86,2.06,1.28,0.96,1.22,14.74,14.87,12.48,14.7,14.96,15.48,1.3039023778333334,2.4870510383336466,3.5980000000000003,1.9340000000000002,1.6743333333333332,0.9641465815365446
2022-10-01,1.4166666666666667,9.966666666666667,7.857197644839616,-0.0522157204509876,1.36,1.0,2.25,1.48,1.01,1.41,15.39,15.87,12.6,15.7,15.58,15.68,2.1127561327666666,3.17673015873016,4.344,2.6576,2.433333333333333,2.406973720705214
2023-01-01,2.5,8.0,5.758936650987901,0.0038217808014717,1.48,1.07,2.53,1.86,0.87,1.58,15.53,16.02,12.71,15.44,16.03,15.82,2.3155685112,3.3516077733860334,4.251,2.8264666666666667,2.645,3.1516502412917298
2023-04-01,3.25,6.2,3.9459327062481453,0.1948910154232264,1.53,1.13,2.54,2.02,0.89,1.59,15.71,16.38,12.7,15.95,16.06,16.11,2.3593602693666664,3.4087070707070697,4.207,2.9247333333333336,2.732333333333333,3.5083048601693836
2023-07-01,3.75,4.933333333333334,1.0755156057734656,0.0180549146949315,1.56,1.13,2.63,2.1,0.89,1.56,15.61,16.36,12.63,16.18,15.84,16.19,2.554582470666667,3.6018343685300196,4.297,3.1300000000000003,2.9309999999999996,3.852122220311377
2023-10-01,4.0,2.733333333333333,0.09231185006760197,0.0772531307389856,1.6,1.17,2.63,2.18,0.91,1.66,15.87,16.81,12.67,15.9,16.1,16.08,2.5088835726,3.5838787878787866,4.378,3.0986333333333334,2.859666666666667,3.649820347827656
2024-01-01,4.0,2.6,0.2847403746095045,0.3333965163139663,1.62,1.1,2.9,2.31,0.87,1.55,15.74,16.51,12.66,15.93,15.9,15.72,2.2853167388,3.21602611832612,3.7929999999999997,2.804933333333333,2.5883333333333334,3.5082068348345445
2024-04-01,3.9166666666666665,2.5,0.42702503338694076,0.2170187451989269,1.61,1.07,2.88,2.31,0.89,1.56,15.81,16.63,12.77,16.23,15.88,15.43,2.4832532467333333,3.3121622843340237,3.8806666666666665,3.051766666666667,2.7896666666666667,3.5675258272331214
2024-07-01,3.6666666666666665,2.1666666666666665,0.9806354241235956,0.4392959594980095,1.58,1.02,2.81,2.3,0.89,1.51,15.73,16.59,12.82,16.39,15.72,15.58,2.2777103331333333,3.1157011418533163,3.6923333333333335,3.0117999999999996,2.5883333333333334,3.134941681647609
2024-10-01,3.1666666666666665,2.1999999999999997,1.4314148974696146,0.3727069347137179,1.6,1.06,2.8,2.33,0.89,1.59,15.97,17.21,12.88,16.15,16.09,15.56,2.2380561306666666,2.9712925810904065,3.4636666666666667,3.0335666666666667,2.5156666666666667,2.5353919645504015
2025-01-01,2.75,2.3333333333333335,2.159264520148585,0.6551527268674917,1.53,1.02,2.71,2.16,0.9,1.44,16.02,17.24,13.04,16.28,15.86,16.1,2.543521645,3.220740764790767,3.712666666666667,3.3150333333333335,2.7656666666666667,2.312963616589141
2025-04-01,2.1666666666666665,2.033333333333333,2.6382600886884675,0.1234205768617435,1.51,1.04,2.66,2.14,0.89,1.42,16.12,17.25,13.18,16.18,16.0,16.36,2.5308015873,3.201812554112553,3.6140000000000003,3.264033333333334,2.755333333333333,1.8280410635548237
2025-07-01,2.1666666666666665,2.066666666666667,2.9295306920300503,0.2639911782124748,1.5,1.05,2.62,1.99,0.91,1.42,16.1,17.39,13.28,15.84,15.97,16.38,2.6659398331,3.2553110922893533,3.5446666666666666,3.4233333333333333,2.8689999999999998,1.783202939440973
2025-10-01,2.1666666666666665,2.033333333333333,3.031235878672548,0.167674205034074,1.52,1.07,2.6,2.03,0.93,1.49,16.26,17.46,13.29,15.85,16.17,16.57,2.696512204433333,3.200698688750863,3.4843333333333333,3.4768333333333334,2.864333333333333,1.83674956361126
2026-01-01,2.1666666666666665,,,,,,,,,,,,,,,,2.820555555566667,3.2792036075036095,3.5376666666666665,3.4858,2.9386666666666668,1.9155848818949748
2026-04-01,2.1666666666666665,,,,,,,,,,,,,,,,3.0237499999999997,3.4657,3.818,3.70825,3.15,2.2719401964192434
