date,dfr,d_dfr,short_yield,yield_1y,long_yield,nim_nl,cet1_nl,gdp_nl,defl_nl,credit_nl,shadow_rate,d_ssr
2015-01-01,-0.2,0.0,0.04601616161616163,-0.19107351799245262,0.4206666666666667,,,2586.9757252728587,459.4048409453186,1366.5221246781564,-2.2081400867082257,0.07001861281813193
2015-04-01,-0.2,0.0,-0.006525837320574167,-0.2563808952749823,0.7073333333333333,1.5,13.51,2587.2834440346974,460.5270263871983,1366.1875967162384,-1.352284613508166,0.8558554732000596
2015-07-01,-0.2,0.0,-0.027817083882301297,-0.28147212435611446,0.9016666666666667,1.5,13.87,2587.6279994123865,461.19744850226397,1365.6703554267358,-1.598649752759144,-0.2463651392509778
2015-10-01,-0.3,-0.09999999999999998,-0.08917604617604624,-0.34059778032286403,0.7316666666666666,1.49,14.27,2587.6440892867704,460.9483339969049,1365.143708746017,-2.2479099933617666,-0.6492602406026227
2016-01-01,-0.4,-0.10000000000000003,-0.18608174603174632,-0.4628205584051385,0.44566666666666666,1.46,14.21,2588.557251137967,460.71335238215926,1364.7534806272267,-2.783839587231435,-0.5359295938696684
2016-04-01,-0.4,0.0,-0.258093795093795,-0.542110204946351,0.34299999999999997,1.44,14.53,2588.7931117878247,460.97205961368684,1364.7010246200477,-2.943120128156322,-0.15928054092488697
2016-07-01,-0.4,0.0,-0.298125854821507,-0.6504693915061651,0.049999999999999996,1.44,14.8,2589.9050757227265,461.0012811004297,1364.9264692058864,-3.5656672338455824,-0.6225471056892604
2016-10-01,-0.4,0.0,-0.312481240981241,-0.762100666744095,0.3256666666666667,1.49,15.31,2590.738900774692,461.23254583392213,1364.850707808127,-2.7423984852444545,0.8232687486011279
2017-01-01,-0.4,0.0,-0.32783109354413736,-0.7953792936740324,0.484,1.45,15.56,2591.2623217514456,461.45518515967944,1365.003471207533,-2.1374467955657326,0.6049516896787219
2017-04-01,-0.4,0.0,-0.3299478114478113,-0.7409000453152006,0.5299999999999999,1.51,15.88,2592.1392799750874,462.23686331291515,1364.7690937929422,-1.928258768961262,0.20918802660447056
2017-07-01,-0.4,0.0,-0.3296321601104207,-0.724456099260458,0.5873333333333334,1.49,15.93,2592.844935875951,462.38859874253,1364.380762351846,-1.8647138551496711,0.06354491381159089
2017-10-01,-0.4,0.0,-0.32881339712918667,-0.7822414624914381,0.48700000000000004,1.56,16.29,2593.577675483793,462.97179024476713,1363.8243008134173,-1.9114786700829611,-0.04676481493328999
2018-01-01,-0.4,0.0,-0.32828643578643596,-0.6718393120769638,0.666,1.48,15.86,2594.0823209471305,464.04391252906373,1363.4988980235598,-1.2131185182123418,0.6983601518706193
2018-04-01,-0.4,0.0,-0.32524163059163064,-0.6776723703319517,0.642,1.5,16.1,2594.7315372415505,463.93758900243427,1363.5715008126763,-1.262273140392044,-0.04915462217970212
2018-07-01,-0.4,0.0,-0.3195257575757577,-0.6653850299202058,0.49933333333333335,1.47,16.04,2594.8496678721835,465.0077993763272,1363.6014206516675,-1.4195203530212608,-0.15724721262921681
2018-10-01,-0.4,0.0,-0.31531800845988467,-0.7039966995708068,0.5003333333333333,1.53,16.42,2595.335896511016,465.53279540830437,1363.3176201088397,-1.2585859379783686,0.1609344150428922
2019-01-01,-0.4,0.0,-0.3085468253968253,-0.5956010811279476,0.23933333333333331,1.46,16.35,2596.160413889142,467.18298853736934,1363.093806972386,-1.6809078454968416,-0.422321907518473
2019-04-01,-0.4,0.0,-0.31707121212121203,-0.62165374021382,0.07100000000000001,1.49,16.3,2596.457434318199,467.1561839897287,1362.979725569921,-2.229125920389082,-0.5482180748922405
2019-07-01,-0.5,-0.09999999999999998,-0.39670760399021265,-0.7715982914566095,-0.3773333333333333,1.46,16.44,2596.669154803251,467.7907800817476,1363.0525457084077,-3.8010388308985963,-1.5719129105095142
2019-10-01,-0.5,0.0,-0.4029517598343683,-0.6702383127938005,-0.21366666666666667,1.53,16.46,2597.238786475814,468.2354940783619,1363.2180092392978,-3.2857957831215665,0.5152430477770298
2020-01-01,-0.5,0.0,-0.4055409090909093,-0.6779279697819203,-0.277,1.41,16.02,2595.904130112505,468.9949494271171,1364.2014343024953,-2.5152862437136467,0.7705095394079198
2020-04-01,-0.5,0.0,-0.3006666666666667,-0.6174826982521057,-0.2743333333333333,1.36,16.62,2587.189316022484,468.9816300423173,1364.61261541547,-2.3966787841918253,0.11860745952182139
2020-07-01,-0.5,0.0,-0.4717361189535103,-0.6372423091255274,-0.4146666666666667,1.33,17.16,2593.3723048218058,469.7406352545439,1364.019480313032,-2.477503656614483,-0.08082487242265746
2020-10-01,-0.5,0.0,-0.5226948051948054,-0.7270324244760122,-0.5413333333333333,1.39,17.03,2594.0078961638715,470.25253850171316,1363.7325235148276,-2.7423680641898613,-0.26486440757537855
2021-01-01,-0.5,0.0,-0.542445652173913,-0.6817923451480228,-0.4183333333333334,1.33,16.88,2595.2083060515283,471.45281468185453,1364.414437135667,-2.358996961006913,0.3833711031829483
2021-04-01,-0.5,0.0,-0.5403847763347763,-0.6869436935186485,-0.23933333333333331,1.3,17.23,2598.198660370984,471.92581594186817,1365.162873937062,-2.0281967744898766,0.33080018651703647
2021-07-01,-0.5,0.0,-0.5458181818181816,-0.7270800543433031,-0.39999999999999997,1.26,17.03,2600.2342788132614,472.77368843587766,1365.227254645958,-2.0980098079982397,-0.0698130335083631
2021-10-01,-0.5,0.0,-0.5663765606374299,-0.7711943532035069,-0.25466666666666665,1.32,16.97,2600.9642192556857,473.35546245967134,1366.1335155609195,-1.104579991634524,0.9934298163637156
2022-01-01,-0.5,0.0,-0.529025879933851,-0.6440142765325547,0.16066666666666665,1.27,15.61,2601.4398807419543,475.8644388884589,1367.4136299839681,-0.45508182434162436,0.6494981672928997
2022-04-01,-0.5,0.0,-0.35761642743221705,-0.09147505928284842,1.2423333333333335,1.28,15.55,2603.1333712409296,476.36910743568154,1368.7170239796826,0.13309197029585612,0.5881737946374805
2022-07-01,0.375,0.875,0.4807406048058236,0.5990098632581939,1.6743333333333332,1.22,15.48,2603.303414055295,478.64778580425923,1370.0070525331334,0.9641465815365446,0.8310546112406885
2022-10-01,1.75,1.375,1.7721233766233766,2.0034943889010672,2.433333333333333,1.41,15.68,2603.9873609533734,480.28268586590616,1370.2410913092174,2.406973720705214,1.4428271391686693
2023-01-01,2.75,1.0,2.631926284584983,2.7882159535012936,2.645,1.58,15.82,2603.4914692976035,482.89787580760725,1370.3891237527012,3.1516502412917298,0.7446765205865158
2023-04-01,3.375,0.625,3.356432806324113,3.0694670557019275,2.732333333333333,1.59,16.11,2603.0457807450953,484.7227787274573,1370.6889547480262,3.5083048601693836,0.3566546188776538
2023-07-01,3.875,0.5,3.7773871635610767,3.44153993286,2.9309999999999996,1.56,16.19,2602.7373457576373,486.12511132897095,1370.7658793573485,3.852122220311377,0.3438173601419936
2023-10-01,3.875,0.0,3.957455988455987,3.3362831094301586,2.859666666666667,1.66,16.08,2602.7373457576373,486.12511132897095,1371.1347843175,3.649820347827656,-0.2023018724837211
2024-01-01,3.875,0.0,3.9236147186147203,3.2256574667666666,2.5883333333333334,1.55,15.72,2602.7373457576373,486.12511132897095,1371.6425495580768,3.5082068348345445,-0.14161351299311153
2024-04-01,3.75,-0.125,3.808171936758893,3.258066867679365,2.7896666666666667,1.56,15.43,2602.7373457576373,486.12511132897095,1372.6136391785456,3.5675258272331214,0.05931899239857685
2024-07-01,3.5,-0.25,3.5553770939205704,2.834862513457576,2.5883333333333334,1.51,15.58,2602.7373457576373,486.12511132897095,1374.1634353822067,3.134941681647609,-0.4325841455855124
2024-10-01,3.125,-0.375,2.9964871698349937,2.326711740726984,2.5156666666666667,1.59,15.56,2602.7373457576373,486.12511132897095,1375.8015263857128,2.5353919645504015,-0.5995497170972075
2025-01-01,2.625,-0.5,2.5568363354,2.1887812707793652,2.7656666666666667,1.44,16.1,2602.7373457576373,486.12511132897095,1377.6912824052456,2.312963616589141,-0.22242834796126054
2025-04-01,2.125,-0.5,2.1076911977,1.8223808436435485,2.755333333333333,1.42,16.36,2602.7373457576373,486.12511132897095,1379.0702363694597,1.8280410635548237,-0.4849225530343173
2025-07-01,,,2.0115719305,1.8734979863651515,2.8689999999999998,1.42,16.38,2602.7373457576373,486.12511132897095,1380.3941898323185,1.783202939440973,-0.044838124113850686
2025-10-01,,,2.040622463766667,1.9477280748953125,2.864333333333333,1.49,16.57,2602.7373457576373,486.12511132897095,1381.8472500411963,1.83674956361126,0.053546624170287105
2026-01-01,,,2.0277272727,,2.9386666666666668,,,2602.7373457576373,486.12511132897095,,1.9155848818949748,0.0788353182837147
2026-04-01,,,,,3.15,,,2602.7373457576373,486.12511132897095,,2.2719401964192434,0.3563553145242686
